"city","sector","inventory","pollutant","emission"
"Barcelona","ms34","ctm4iam","nox",4.296003059
"Bucarest","ms34","ctm4iam","nox",12.92830278
"Budapest","ms34","ctm4iam","nox",24.64294388
"Katowice","ms34","ctm4iam","nox",2.318505204
"London","ms34","ctm4iam","nox",3.419340706
"Madrid","ms34","ctm4iam","nox",0.563806759
"Milan","ms34","ctm4iam","nox",0.599664316
"Paris","ms34","ctm4iam","nox",3.895538713
"Sofia","ms34","ctm4iam","nox",2.23077658
"Utrecht","ms34","ctm4iam","nox",4.50691098
"Warsaw","ms34","ctm4iam","nox",0.516533594
"Barcelona","ms34","edgar","nox",8.462982686
"Bucarest","ms34","edgar","nox",14.96481386
"Budapest","ms34","edgar","nox",46.61597841
"Katowice","ms34","edgar","nox",11.95160835
"London","ms34","edgar","nox",10.93344106
"Madrid","ms34","edgar","nox",13.04166846
"Milan","ms34","edgar","nox",6.072179076
"Paris","ms34","edgar","nox",17.98029218
"Sofia","ms34","edgar","nox",22.74929551
"Utrecht","ms34","edgar","nox",3.965323927
"Warsaw","ms34","edgar","nox",9.52187372
"Paris","ms34","emep","nox",1.448996531
"Barcelona","ms34","emep","nox",1.680162735
"Bucarest","ms34","emep","nox",0.936208247
"Budapest","ms34","emep","nox",13.85760721
"Katowice","ms34","emep","nox",4.385656461
"London","ms34","emep","nox",1.046704929
"Madrid","ms34","emep","nox",0.777441315
"Milan","ms34","emep","nox",1.193415187
"Sofia","ms34","emep","nox",1.337297423
"Utrecht","ms34","emep","nox",2.011041593
"Warsaw","ms34","emep","nox",0.590438563
"Barcelona","ms34","jrc","nox",7.302219444
"Bucarest","ms34","jrc","nox",4.755492172
"Budapest","ms34","jrc","nox",17.37963565
"Katowice","ms34","jrc","nox",2.909960586
"London","ms34","jrc","nox",3.284623332
"Madrid","ms34","jrc","nox",2.818482127
"Milan","ms34","jrc","nox",3.421347534
"Paris","ms34","jrc","nox",3.759500733
"Sofia","ms34","jrc","nox",8.729214568
"Utrecht","ms34","jrc","nox",3.290220874
"Warsaw","ms34","jrc","nox",2.216731938
"Barcelona","ms34","macc2","nox",4.223069243
"Bucarest","ms34","macc2","nox",4.054041287
"Budapest","ms34","macc2","nox",11.80707633
"Katowice","ms34","macc2","nox",3.313417885
"London","ms34","macc2","nox",6.814749964
"Madrid","ms34","macc2","nox",5.917653237
"Milan","ms34","macc2","nox",4.809681111
"Paris","ms34","macc2","nox",7.494206945
"Sofia","ms34","macc2","nox",7.030540989
"Utrecht","ms34","macc2","nox",1.633464407
"Warsaw","ms34","macc2","nox",2.257635399
"Barcelona","ms34","macc3","nox",4.259507017
"Bucarest","ms34","macc3","nox",2.69365449
"Budapest","ms34","macc3","nox",12.38064073
"Katowice","ms34","macc3","nox",11.05387658
"London","ms34","macc3","nox",2.108699
"Madrid","ms34","macc3","nox",2.408164774
"Milan","ms34","macc3","nox",2.263081308
"Paris","ms34","macc3","nox",1.9915709
"Sofia","ms34","macc3","nox",1.573181277
"Utrecht","ms34","macc3","nox",1.147030477
"Warsaw","ms34","macc3","nox",1.44861523
"Barcelona","ms2","ctm4iam","nox",6.820161283
"Bucarest","ms2","ctm4iam","nox",10.5246241
"Budapest","ms2","ctm4iam","nox",21.74731186
"Katowice","ms2","ctm4iam","nox",4.582789195
"London","ms2","ctm4iam","nox",10.71828334
"Madrid","ms2","ctm4iam","nox",10.09443563
"Milan","ms2","ctm4iam","nox",5.610726476
"Paris","ms2","ctm4iam","nox",11.35835029
"Sofia","ms2","ctm4iam","nox",13.01938525
"Utrecht","ms2","ctm4iam","nox",6.33101678
"Warsaw","ms2","ctm4iam","nox",5.021269768
"Barcelona","ms2","edgar","nox",8.44242851
"Bucarest","ms2","edgar","nox",21.28804894
"Budapest","ms2","edgar","nox",68.99790641
"Katowice","ms2","edgar","nox",5.982198229
"London","ms2","edgar","nox",14.06262333
"Madrid","ms2","edgar","nox",14.81521431
"Milan","ms2","edgar","nox",10.75405503
"Paris","ms2","edgar","nox",21.24651126
"Sofia","ms2","edgar","nox",13.82793871
"Utrecht","ms2","edgar","nox",7.105504326
"Warsaw","ms2","edgar","nox",6.262685528
"Paris","ms2","emep","nox",9.955593996
"Barcelona","ms2","emep","nox",2.800403396
"Bucarest","ms2","emep","nox",5.710489729
"Budapest","ms2","emep","nox",16.59696947
"Katowice","ms2","emep","nox",2.336228216
"London","ms2","emep","nox",9.59024936
"Madrid","ms2","emep","nox",3.50874957
"Milan","ms2","emep","nox",3.950369835
"Sofia","ms2","emep","nox",7.377122615
"Utrecht","ms2","emep","nox",3.840052642
"Warsaw","ms2","emep","nox",2.515447342
"Barcelona","ms2","jrc","nox",6.545447524
"Bucarest","ms2","jrc","nox",10.06663608
"Budapest","ms2","jrc","nox",19.85378178
"Katowice","ms2","jrc","nox",4.308006093
"London","ms2","jrc","nox",9.793181387
"Madrid","ms2","jrc","nox",9.692869293
"Milan","ms2","jrc","nox",5.362021714
"Paris","ms2","jrc","nox",12.55640872
"Sofia","ms2","jrc","nox",16.01319597
"Utrecht","ms2","jrc","nox",5.365844028
"Warsaw","ms2","jrc","nox",5.758078299
"Barcelona","ms2","macc2","nox",3.16619189
"Bucarest","ms2","macc2","nox",6.417013876
"Budapest","ms2","macc2","nox",18.99631832
"Katowice","ms2","macc2","nox",4.235622564
"London","ms2","macc2","nox",10.22950058
"Madrid","ms2","macc2","nox",4.385337557
"Milan","ms2","macc2","nox",4.798369573
"Paris","ms2","macc2","nox",11.4129006
"Sofia","ms2","macc2","nox",6.232961438
"Utrecht","ms2","macc2","nox",4.167488585
"Warsaw","ms2","macc2","nox",4.868058542
"Barcelona","ms2","macc3","nox",2.885166419
"Bucarest","ms2","macc3","nox",5.697270841
"Budapest","ms2","macc3","nox",16.59227334
"Katowice","ms2","macc3","nox",2.331316804
"London","ms2","macc3","nox",9.65460353
"Madrid","ms2","macc3","nox",3.621007709
"Milan","ms2","macc3","nox",4.023974707
"Paris","ms2","macc3","nox",9.972381847
"Sofia","ms2","macc3","nox",7.533668942
"Utrecht","ms2","macc3","nox",3.994219159
"Warsaw","ms2","macc3","nox",2.510894811
"Barcelona","ms7","ctm4iam","nox",3.139781847
"Bucarest","ms7","ctm4iam","nox",2.847535591
"Budapest","ms7","ctm4iam","nox",12.76531031
"Katowice","ms7","ctm4iam","nox",3.337278506
"London","ms7","ctm4iam","nox",5.272160806
"Madrid","ms7","ctm4iam","nox",5.940585881
"Milan","ms7","ctm4iam","nox",3.799740017
"Paris","ms7","ctm4iam","nox",5.571689013
"Sofia","ms7","ctm4iam","nox",5.28092216
"Utrecht","ms7","ctm4iam","nox",7.239291255
"Warsaw","ms7","ctm4iam","nox",4.469112651
"Barcelona","ms7","edgar","nox",2.021969407
"Bucarest","ms7","edgar","nox",3.593381644
"Budapest","ms7","edgar","nox",7.529428084
"Katowice","ms7","edgar","nox",1.976060999
"London","ms7","edgar","nox",3.361773467
"Madrid","ms7","edgar","nox",3.153500737
"Milan","ms7","edgar","nox",1.933411394
"Paris","ms7","edgar","nox",2.314787105
"Sofia","ms7","edgar","nox",6.808912691
"Utrecht","ms7","edgar","nox",5.77262283
"Warsaw","ms7","edgar","nox",2.157185237
"Paris","ms7","emep","nox",5.563049898
"Barcelona","ms7","emep","nox",4.238833227
"Bucarest","ms7","emep","nox",8.462561173
"Budapest","ms7","emep","nox",13.18241746
"Katowice","ms7","emep","nox",3.618059385
"London","ms7","emep","nox",6.594326295
"Madrid","ms7","emep","nox",6.264878312
"Milan","ms7","emep","nox",3.761860676
"Sofia","ms7","emep","nox",11.88452422
"Utrecht","ms7","emep","nox",7.308881212
"Warsaw","ms7","emep","nox",3.703349802
"Barcelona","ms7","jrc","nox",5.398922189
"Bucarest","ms7","jrc","nox",4.259805508
"Budapest","ms7","jrc","nox",8.441887801
"Katowice","ms7","jrc","nox",2.790035836
"London","ms7","jrc","nox",9.996534252
"Madrid","ms7","jrc","nox",5.859448167
"Milan","ms7","jrc","nox",3.194164917
"Paris","ms7","jrc","nox",7.187542775
"Sofia","ms7","jrc","nox",7.690155624
"Utrecht","ms7","jrc","nox",6.154649186
"Warsaw","ms7","jrc","nox",2.202549717
"Barcelona","ms7","macc2","nox",4.245890681
"Bucarest","ms7","macc2","nox",8.463366281
"Budapest","ms7","macc2","nox",13.37248274
"Katowice","ms7","macc2","nox",3.616059054
"London","ms7","macc2","nox",6.272825114
"Madrid","ms7","macc2","nox",6.273603199
"Milan","ms7","macc2","nox",3.770249971
"Paris","ms7","macc2","nox",5.494034028
"Sofia","ms7","macc2","nox",11.21476753
"Utrecht","ms7","macc2","nox",7.265824772
"Warsaw","ms7","macc2","nox",3.702609933
"Barcelona","ms7","macc3","nox",4.236704331
"Bucarest","ms7","macc3","nox",8.464590345
"Budapest","ms7","macc3","nox",13.06308915
"Katowice","ms7","macc3","nox",3.618526642
"London","ms7","macc3","nox",6.558094667
"Madrid","ms7","macc3","nox",6.261746144
"Milan","ms7","macc3","nox",3.767249349
"Paris","ms7","macc3","nox",5.55058967
"Sofia","ms7","macc3","nox",11.90443762
"Utrecht","ms7","macc3","nox",7.321011332
"Warsaw","ms7","macc3","nox",3.713517684
"Barcelona","ms34","ctm4iam","pm25",2.63100543
"Bucarest","ms34","ctm4iam","pm25",25.33537194
"Budapest","ms34","ctm4iam","pm25",2.635927366
"Katowice","ms34","ctm4iam","pm25",2.436776815
"London","ms34","ctm4iam","pm25",1.399090518
"Madrid","ms34","ctm4iam","pm25",0.237974115
"Milan","ms34","ctm4iam","pm25",2.70933948
"Paris","ms34","ctm4iam","pm25",1.280406509
"Sofia","ms34","ctm4iam","pm25",1.606184624
"Utrecht","ms34","ctm4iam","pm25",0.058271382
"Warsaw","ms34","ctm4iam","pm25",0.401177994
"Barcelona","ms34","edgar","pm25",6.990602339
"Bucarest","ms34","edgar","pm25",13.26551776
"Budapest","ms34","edgar","pm25",36.69242283
"Katowice","ms34","edgar","pm25",10.71164311
"London","ms34","edgar","pm25",8.190618399
"Madrid","ms34","edgar","pm25",9.853098466
"Milan","ms34","edgar","pm25",2.829115646
"Paris","ms34","edgar","pm25",16.14036114
"Sofia","ms34","edgar","pm25",20.48391883
"Utrecht","ms34","edgar","pm25",2.982748849
"Warsaw","ms34","edgar","pm25",8.524502253
"Paris","ms34","emep","pm25",2.999704089
"Barcelona","ms34","emep","pm25",1.546543568
"Bucarest","ms34","emep","pm25",0.742594412
"Budapest","ms34","emep","pm25",7.672309928
"Katowice","ms34","emep","pm25",4.997609319
"London","ms34","emep","pm25",1.593553361
"Madrid","ms34","emep","pm25",0.897197247
"Milan","ms34","emep","pm25",1.844198354
"Sofia","ms34","emep","pm25",1.482022737
"Utrecht","ms34","emep","pm25",1.709290056
"Warsaw","ms34","emep","pm25",1.345608116
"Barcelona","ms34","jrc","pm25",4.736476614
"Bucarest","ms34","jrc","pm25",7.268622513
"Budapest","ms34","jrc","pm25",20.01955705
"Katowice","ms34","jrc","pm25",5.631675836
"London","ms34","jrc","pm25",3.226363943
"Madrid","ms34","jrc","pm25",2.156188271
"Milan","ms34","jrc","pm25",5.823537539
"Paris","ms34","jrc","pm25",5.597119822
"Sofia","ms34","jrc","pm25",10.18148158
"Utrecht","ms34","jrc","pm25",3.935492024
"Warsaw","ms34","jrc","pm25",3.502954086
"Barcelona","ms34","macc2","pm25",4.195056454
"Bucarest","ms34","macc2","pm25",0.920189745
"Budapest","ms34","macc2","pm25",7.488288074
"Katowice","ms34","macc2","pm25",7.806236817
"London","ms34","macc2","pm25",5.882315042
"Madrid","ms34","macc2","pm25",5.506478658
"Milan","ms34","macc2","pm25",3.588522206
"Paris","ms34","macc2","pm25",12.24801176
"Sofia","ms34","macc2","pm25",0.658992667
"Utrecht","ms34","macc2","pm25",1.733813753
"Warsaw","ms34","macc2","pm25",4.277732134
"Barcelona","ms34","macc3","pm25",4.274958725
"Bucarest","ms34","macc3","pm25",1.8289194
"Budapest","ms34","macc3","pm25",7.406019707
"Katowice","ms34","macc3","pm25",10.14705934
"London","ms34","macc3","pm25",2.05664808
"Madrid","ms34","macc3","pm25",2.733257934
"Milan","ms34","macc3","pm25",1.716252413
"Paris","ms34","macc3","pm25",2.542313746
"Sofia","ms34","macc3","pm25",2.457786801
"Utrecht","ms34","macc3","pm25",1.463438476
"Warsaw","ms34","macc3","pm25",2.578281149
"Barcelona","ms2","ctm4iam","pm25",1.685520326
"Bucarest","ms2","ctm4iam","pm25",3.231831856
"Budapest","ms2","ctm4iam","pm25",6.967148074
"Katowice","ms2","ctm4iam","pm25",2.122613383
"London","ms2","ctm4iam","pm25",0.558680259
"Madrid","ms2","ctm4iam","pm25",2.466287327
"Milan","ms2","ctm4iam","pm25",2.435985808
"Paris","ms2","ctm4iam","pm25",1.036318787
"Sofia","ms2","ctm4iam","pm25",4.956769525
"Utrecht","ms2","ctm4iam","pm25",4.585006391
"Warsaw","ms2","ctm4iam","pm25",2.061247778
"Barcelona","ms2","edgar","pm25",5.388639175
"Bucarest","ms2","edgar","pm25",10.16940894
"Budapest","ms2","edgar","pm25",17.89859086
"Katowice","ms2","edgar","pm25",3.875115115
"London","ms2","edgar","pm25",8.772036032
"Madrid","ms2","edgar","pm25",9.108131658
"Milan","ms2","edgar","pm25",5.074400887
"Paris","ms2","edgar","pm25",12.50083604
"Sofia","ms2","edgar","pm25",10.59395912
"Utrecht","ms2","edgar","pm25",5.912221527
"Warsaw","ms2","edgar","pm25",4.171889022
"Paris","ms2","emep","pm25",0.593159405
"Barcelona","ms2","emep","pm25",2.273692326
"Bucarest","ms2","emep","pm25",1.965482518
"Budapest","ms2","emep","pm25",4.927184833
"Katowice","ms2","emep","pm25",1.704824843
"London","ms2","emep","pm25",1.118226089
"Madrid","ms2","emep","pm25",1.060913621
"Milan","ms2","emep","pm25",0.752070915
"Sofia","ms2","emep","pm25",6.31732861
"Utrecht","ms2","emep","pm25",5.148236364
"Warsaw","ms2","emep","pm25",1.835615319
"Barcelona","ms2","jrc","pm25",3.524544069
"Bucarest","ms2","jrc","pm25",2.421686969
"Budapest","ms2","jrc","pm25",8.223200073
"Katowice","ms2","jrc","pm25",3.646403803
"London","ms2","jrc","pm25",4.470818522
"Madrid","ms2","jrc","pm25",3.465702564
"Milan","ms2","jrc","pm25",1.534207023
"Paris","ms2","jrc","pm25",2.372508188
"Sofia","ms2","jrc","pm25",6.437055369
"Utrecht","ms2","jrc","pm25",4.481674259
"Warsaw","ms2","jrc","pm25",4.761303943
"Barcelona","ms2","macc2","pm25",3.846224112
"Bucarest","ms2","macc2","pm25",2.553863957
"Budapest","ms2","macc2","pm25",11.46148119
"Katowice","ms2","macc2","pm25",1.67792539
"London","ms2","macc2","pm25",3.052828794
"Madrid","ms2","macc2","pm25",5.261695666
"Milan","ms2","macc2","pm25",1.314287286
"Paris","ms2","macc2","pm25",6.565087919
"Sofia","ms2","macc2","pm25",6.472195613
"Utrecht","ms2","macc2","pm25",6.893073568
"Warsaw","ms2","macc2","pm25",1.754361027
"Barcelona","ms2","macc3","pm25",2.259590032
"Bucarest","ms2","macc3","pm25",1.966825738
"Budapest","ms2","macc3","pm25",4.948699942
"Katowice","ms2","macc3","pm25",1.717211551
"London","ms2","macc3","pm25",1.111346
"Madrid","ms2","macc3","pm25",1.054855589
"Milan","ms2","macc3","pm25",0.752489506
"Paris","ms2","macc3","pm25",0.592923987
"Sofia","ms2","macc3","pm25",6.317746698
"Utrecht","ms2","macc3","pm25",5.140967966
"Warsaw","ms2","macc3","pm25",1.851613579
"Barcelona","ms7","ctm4iam","pm25",3.139937871
"Bucarest","ms7","ctm4iam","pm25",2.847266571
"Budapest","ms7","ctm4iam","pm25",12.7623059
"Katowice","ms7","ctm4iam","pm25",3.335597766
"London","ms7","ctm4iam","pm25",6.143701959
"Madrid","ms7","ctm4iam","pm25",5.940895839
"Milan","ms7","ctm4iam","pm25",3.799745504
"Paris","ms7","ctm4iam","pm25",5.662101542
"Sofia","ms7","ctm4iam","pm25",5.280707901
"Utrecht","ms7","ctm4iam","pm25",7.239331019
"Warsaw","ms7","ctm4iam","pm25",4.466871889
"Barcelona","ms7","edgar","pm25",2.117550774
"Bucarest","ms7","edgar","pm25",3.875968713
"Budapest","ms7","edgar","pm25",8.575298118
"Katowice","ms7","edgar","pm25",1.921489177
"London","ms7","edgar","pm25",3.622162185
"Madrid","ms7","edgar","pm25",3.184959323
"Milan","ms7","edgar","pm25",1.9554324
"Paris","ms7","edgar","pm25",2.477950678
"Sofia","ms7","edgar","pm25",6.838702803
"Utrecht","ms7","edgar","pm25",5.893804876
"Warsaw","ms7","edgar","pm25",2.066819786
"Paris","ms7","emep","pm25",7.217318431
"Barcelona","ms7","emep","pm25",4.652091095
"Bucarest","ms7","emep","pm25",8.631811792
"Budapest","ms7","emep","pm25",14.69386462
"Katowice","ms7","emep","pm25",3.690974629
"London","ms7","emep","pm25",7.701271713
"Madrid","ms7","emep","pm25",6.805779443
"Milan","ms7","emep","pm25",4.089858584
"Sofia","ms7","emep","pm25",12.40027149
"Utrecht","ms7","emep","pm25",6.815428432
"Warsaw","ms7","emep","pm25",3.821083608
"Barcelona","ms7","jrc","pm25",5.801034786
"Bucarest","ms7","jrc","pm25",4.409328674
"Budapest","ms7","jrc","pm25",8.859824439
"Katowice","ms7","jrc","pm25",2.894113535
"London","ms7","jrc","pm25",10.80804129
"Madrid","ms7","jrc","pm25",6.317637121
"Milan","ms7","jrc","pm25",3.232383017
"Paris","ms7","jrc","pm25",7.64281567
"Sofia","ms7","jrc","pm25",7.720675675
"Utrecht","ms7","jrc","pm25",6.178702164
"Warsaw","ms7","jrc","pm25",2.366113261
"Barcelona","ms7","macc2","pm25",4.625283258
"Bucarest","ms7","macc2","pm25",8.660615932
"Budapest","ms7","macc2","pm25",14.5514262
"Katowice","ms7","macc2","pm25",3.699065077
"London","ms7","macc2","pm25",7.56711318
"Madrid","ms7","macc2","pm25",6.767932822
"Milan","ms7","macc2","pm25",4.065364258
"Paris","ms7","macc2","pm25",6.77820528
"Sofia","ms7","macc2","pm25",12.49809196
"Utrecht","ms7","macc2","pm25",6.834201485
"Warsaw","ms7","macc2","pm25",3.781368795
"Barcelona","ms7","macc3","pm25",4.647404139
"Bucarest","ms7","macc3","pm25",8.629377646
"Budapest","ms7","macc3","pm25",14.55526838
"Katowice","ms7","macc3","pm25",3.691024218
"London","ms7","macc3","pm25",7.691188469
"Madrid","ms7","macc3","pm25",6.800677403
"Milan","ms7","macc3","pm25",4.090852547
"Paris","ms7","macc3","pm25",7.224230819
"Sofia","ms7","macc3","pm25",12.39404756
"Utrecht","ms7","macc3","pm25",6.826637003
"Warsaw","ms7","macc3","pm25",3.821595424
"Barcelona","ms34","ctm4iam","so2",2.169590117
"Bucarest","ms34","ctm4iam","so2",3.64009983
"Budapest","ms34","ctm4iam","so2",17.87972459
"Katowice","ms34","ctm4iam","so2",1.459298772
"London","ms34","ctm4iam","so2",0.653784833
"Madrid","ms34","ctm4iam","so2",0.36817969
"Milan","ms34","ctm4iam","so2",1.66718374
"Paris","ms34","ctm4iam","so2",2.060311875
"Sofia","ms34","ctm4iam","so2",0.750258961
"Utrecht","ms34","ctm4iam","so2",0.444947977
"Warsaw","ms34","ctm4iam","so2",0.789694282
"Barcelona","ms34","edgar","so2",6.200247142
"Bucarest","ms34","edgar","so2",13.44732999
"Budapest","ms34","edgar","so2",44.17355919
"Katowice","ms34","edgar","so2",9.234980036
"London","ms34","edgar","so2",10.94351617
"Madrid","ms34","edgar","so2",9.046923135
"Milan","ms34","edgar","so2",4.451172875
"Paris","ms34","edgar","so2",12.36411471
"Sofia","ms34","edgar","so2",15.86037268
"Utrecht","ms34","edgar","so2",2.87760111
"Warsaw","ms34","edgar","so2",7.96717434
"Paris","ms34","emep","so2",1.255589467
"Barcelona","ms34","emep","so2",1.851277392
"Bucarest","ms34","emep","so2",1.015175746
"Budapest","ms34","emep","so2",23.44463911
"Katowice","ms34","emep","so2",2.191960584
"London","ms34","emep","so2",0.996963181
"Madrid","ms34","emep","so2",1.06743791
"Milan","ms34","emep","so2",2.035051774
"Sofia","ms34","emep","so2",1.18302758
"Utrecht","ms34","emep","so2",2.122057797
"Warsaw","ms34","emep","so2",0.850939278
"Barcelona","ms34","jrc","so2",5.227519872
"Bucarest","ms34","jrc","so2",5.592958372
"Budapest","ms34","jrc","so2",14.80298534
"Katowice","ms34","jrc","so2",6.376885664
"London","ms34","jrc","so2",2.695829217
"Madrid","ms34","jrc","so2",4.892963222
"Milan","ms34","jrc","so2",3.589896562
"Paris","ms34","jrc","so2",2.758157149
"Sofia","ms34","jrc","so2",9.683095748
"Utrecht","ms34","jrc","so2",1.6149557
"Warsaw","ms34","jrc","so2",2.775530911
"Barcelona","ms34","macc2","so2",3.193953051
"Bucarest","ms34","macc2","so2",4.613170469
"Budapest","ms34","macc2","so2",13.18618394
"Katowice","ms34","macc2","so2",5.357683175
"London","ms34","macc2","so2",6.525136345
"Madrid","ms34","macc2","so2",4.475585273
"Milan","ms34","macc2","so2",3.306070402
"Paris","ms34","macc2","so2",5.524497904
"Sofia","ms34","macc2","so2",8.251788871
"Utrecht","ms34","macc2","so2",1.795228922
"Warsaw","ms34","macc2","so2",1.900510049
"Barcelona","ms34","macc3","so2",3.556028782
"Bucarest","ms34","macc3","so2",2.845320697
"Budapest","ms34","macc3","so2",42.9638944
"Katowice","ms34","macc3","so2",10.56948097
"London","ms34","macc3","so2",1.841970814
"Madrid","ms34","macc3","so2",2.42466186
"Milan","ms34","macc3","so2",3.891478784
"Paris","ms34","macc3","so2",1.511792612
"Sofia","ms34","macc3","so2",1.902671256
"Utrecht","ms34","macc3","so2",1.562134225
"Warsaw","ms34","macc3","so2",2.621411317
"Barcelona","ms2","ctm4iam","so2",6.834718392
"Bucarest","ms2","ctm4iam","so2",7.248960652
"Budapest","ms2","ctm4iam","so2",19.9317311
"Katowice","ms2","ctm4iam","so2",4.763001224
"London","ms2","ctm4iam","so2",1.318284843
"Madrid","ms2","ctm4iam","so2",10.11602593
"Milan","ms2","ctm4iam","so2",5.213070684
"Paris","ms2","ctm4iam","so2",8.525220972
"Sofia","ms2","ctm4iam","so2",16.1549431
"Utrecht","ms2","ctm4iam","so2",2.560563733
"Warsaw","ms2","ctm4iam","so2",5.219236544
"Barcelona","ms2","edgar","so2",5.36468135
"Bucarest","ms2","edgar","so2",9.574367278
"Budapest","ms2","edgar","so2",20.01309558
"Katowice","ms2","edgar","so2",4.154102281
"London","ms2","edgar","so2",8.63553317
"Madrid","ms2","edgar","so2",9.063351039
"Milan","ms2","edgar","so2",4.893080226
"Paris","ms2","edgar","so2",8.374818763
"Sofia","ms2","edgar","so2",10.51674127
"Utrecht","ms2","edgar","so2",4.492964752
"Warsaw","ms2","edgar","so2",4.448695872
"Paris","ms2","emep","so2",4.579799891
"Barcelona","ms2","emep","so2",2.24860924
"Bucarest","ms2","emep","so2",2.968304193
"Budapest","ms2","emep","so2",8.92088291
"Katowice","ms2","emep","so2",1.739805643
"London","ms2","emep","so2",1.725560812
"Madrid","ms2","emep","so2",2.710638292
"Milan","ms2","emep","so2",2.612011254
"Sofia","ms2","emep","so2",6.160897039
"Utrecht","ms2","emep","so2",4.555739403
"Warsaw","ms2","emep","so2",1.980311096
"Barcelona","ms2","jrc","so2",6.54544762
"Bucarest","ms2","jrc","so2",10.06663613
"Budapest","ms2","jrc","so2",19.85378214
"Katowice","ms2","jrc","so2",4.308006061
"London","ms2","jrc","so2",9.793181525
"Madrid","ms2","jrc","so2",9.692869453
"Milan","ms2","jrc","so2",5.362021633
"Paris","ms2","jrc","so2",12.55640856
"Sofia","ms2","jrc","so2",16.01319383
"Utrecht","ms2","jrc","so2",5.365842991
"Warsaw","ms2","jrc","so2",5.758078322
"Barcelona","ms2","macc2","so2",3.377814727
"Bucarest","ms2","macc2","so2",2.500719024
"Budapest","ms2","macc2","so2",1.015436832
"Katowice","ms2","macc2","so2",1.681060906
"London","ms2","macc2","so2",2.887972478
"Madrid","ms2","macc2","so2",4.703786982
"Milan","ms2","macc2","so2",4.314623462
"Paris","ms2","macc2","so2",8.344889545
"Sofia","ms2","macc2","so2",0.759321264
"Utrecht","ms2","macc2","so2",5.175274705
"Warsaw","ms2","macc2","so2",1.898771193
"Barcelona","ms2","macc3","so2",2.197986274
"Bucarest","ms2","macc3","so2",3.023007792
"Budapest","ms2","macc3","so2",8.953464322
"Katowice","ms2","macc3","so2",1.742420707
"London","ms2","macc3","so2",1.679821301
"Madrid","ms2","macc3","so2",2.65957577
"Milan","ms2","macc3","so2",2.618514405
"Paris","ms2","macc3","so2",4.489139276
"Sofia","ms2","macc3","so2",6.205717079
"Utrecht","ms2","macc3","so2",4.568387906
"Warsaw","ms2","macc3","so2",1.983630747
"Barcelona","ms7","ctm4iam","so2",3.124793584
"Bucarest","ms7","ctm4iam","so2",2.851236851
"Budapest","ms7","ctm4iam","so2",12.79467341
"Katowice","ms7","ctm4iam","so2",3.189141254
"London","ms7","ctm4iam","so2",4.644549909
"Madrid","ms7","ctm4iam","so2",5.912235462
"Milan","ms7","ctm4iam","so2",3.799701791
"Paris","ms7","ctm4iam","so2",5.666120776
"Sofia","ms7","ctm4iam","so2",5.287003176
"Utrecht","ms7","ctm4iam","so2",7.239336761
"Warsaw","ms7","ctm4iam","so2",4.270764597
"Barcelona","ms7","edgar","so2",2.056262191
"Bucarest","ms7","edgar","so2",3.909117204
"Budapest","ms7","edgar","so2",8.71510314
"Katowice","ms7","edgar","so2",1.996268242
"London","ms7","edgar","so2",3.873130508
"Madrid","ms7","edgar","so2",3.141922821
"Milan","ms7","edgar","so2",1.973589451
"Paris","ms7","edgar","so2",2.455004084
"Sofia","ms7","edgar","so2",7.138853057
"Utrecht","ms7","edgar","so2",5.823401984
"Warsaw","ms7","edgar","so2",2.197125527
"Paris","ms7","emep","so2",6.606061757
"Barcelona","ms7","emep","so2",4.511098985
"Bucarest","ms7","emep","so2",8.552662332
"Budapest","ms7","emep","so2",13.79955302
"Katowice","ms7","emep","so2",3.561109536
"London","ms7","emep","so2",7.474915333
"Madrid","ms7","emep","so2",6.61982473
"Milan","ms7","emep","so2",3.937591508
"Sofia","ms7","emep","so2",11.60313952
"Utrecht","ms7","emep","so2",6.910923302
"Warsaw","ms7","emep","so2",3.681967313
"Barcelona","ms7","jrc","so2",5.663821661
"Bucarest","ms7","jrc","so2",4.280664795
"Budapest","ms7","jrc","so2",9.014341275
"Katowice","ms7","jrc","so2",2.871783657
"London","ms7","jrc","so2",10.11444946
"Madrid","ms7","jrc","so2",5.958224457
"Milan","ms7","jrc","so2",3.417394622
"Paris","ms7","jrc","so2",7.435222831
"Sofia","ms7","jrc","so2",7.486165212
"Utrecht","ms7","jrc","so2",6.114783311
"Warsaw","ms7","jrc","so2",2.264490096
"Barcelona","ms7","macc2","so2",4.524446517
"Bucarest","ms7","macc2","so2",8.573546049
"Budapest","ms7","macc2","so2",13.45547316
"Katowice","ms7","macc2","so2",3.557239931
"London","ms7","macc2","so2",7.531520868
"Madrid","ms7","macc2","so2",6.637875886
"Milan","ms7","macc2","so2",3.948428423
"Paris","ms7","macc2","so2",6.597087811
"Sofia","ms7","macc2","so2",11.52636388
"Utrecht","ms7","macc2","so2",6.890847109
"Warsaw","ms7","macc2","so2",3.648211472
"Barcelona","ms7","macc3","so2",4.511666692
"Bucarest","ms7","macc3","so2",8.555448289
"Budapest","ms7","macc3","so2",13.69602896
"Katowice","ms7","macc3","so2",3.561974225
"London","ms7","macc3","so2",7.524328446
"Madrid","ms7","macc3","so2",6.620524677
"Milan","ms7","macc3","so2",3.945615767
"Paris","ms7","macc3","so2",6.624885505
"Sofia","ms7","macc3","so2",11.59994275
"Utrecht","ms7","macc3","so2",6.913198254
"Warsaw","ms7","macc3","so2",3.69158745
"Barcelona","ms34","ctm4iam","voc",1.415879579
"Bucarest","ms34","ctm4iam","voc",42.88501774
"Budapest","ms34","ctm4iam","voc",4.924235357
"Katowice","ms34","ctm4iam","voc",0.054962823
"London","ms34","ctm4iam","voc",2.47830448
"Madrid","ms34","ctm4iam","voc",0.398862839
"Milan","ms34","ctm4iam","voc",2.917305717
"Paris","ms34","ctm4iam","voc",3.123229568
"Sofia","ms34","ctm4iam","voc",4.870107617
"Utrecht","ms34","ctm4iam","voc",0.257275164
"Warsaw","ms34","ctm4iam","voc",0.532725161
"Barcelona","ms34","edgar","voc",3.567798987
"Bucarest","ms34","edgar","voc",8.484626418
"Budapest","ms34","edgar","voc",29.82123762
"Katowice","ms34","edgar","voc",6.506674811
"London","ms34","edgar","voc",6.011689549
"Madrid","ms34","edgar","voc",6.127395537
"Milan","ms34","edgar","voc",2.675345272
"Paris","ms34","edgar","voc",11.00912703
"Sofia","ms34","edgar","voc",16.24745658
"Utrecht","ms34","edgar","voc",3.327128267
"Warsaw","ms34","edgar","voc",4.923293069
"Paris","ms34","emep","voc",2.979543209
"Barcelona","ms34","emep","voc",6.122152868
"Bucarest","ms34","emep","voc",1.642121764
"Budapest","ms34","emep","voc",24.12684492
"Katowice","ms34","emep","voc",10.26477525
"London","ms34","emep","voc",2.53403382
"Madrid","ms34","emep","voc",3.404722385
"Milan","ms34","emep","voc",3.639054768
"Sofia","ms34","emep","voc",3.734797536
"Utrecht","ms34","emep","voc",2.644491185
"Warsaw","ms34","emep","voc",1.742419186
"Barcelona","ms34","jrc","voc",6.783743545
"Bucarest","ms34","jrc","voc",6.304861804
"Budapest","ms34","jrc","voc",15.6821876
"Katowice","ms34","jrc","voc",2.490700086
"London","ms34","jrc","voc",3.756930684
"Madrid","ms34","jrc","voc",2.845819924
"Milan","ms34","jrc","voc",4.409918726
"Paris","ms34","jrc","voc",3.160112045
"Sofia","ms34","jrc","voc",8.771696962
"Utrecht","ms34","jrc","voc",2.69439265
"Warsaw","ms34","jrc","voc",3.002472884
"Barcelona","ms34","macc2","voc",6.887971535
"Bucarest","ms34","macc2","voc",1.948853325
"Budapest","ms34","macc2","voc",7.155128578
"Katowice","ms34","macc2","voc",0.34876298
"London","ms34","macc2","voc",8.416476876
"Madrid","ms34","macc2","voc",7.022606033
"Milan","ms34","macc2","voc",4.444335454
"Paris","ms34","macc2","voc",9.577569801
"Sofia","ms34","macc2","voc",0.582699194
"Utrecht","ms34","macc2","voc",3.783227851
"Warsaw","ms34","macc2","voc",0.41280851
"Barcelona","ms34","macc3","voc",7.098124142
"Bucarest","ms34","macc3","voc",1.709141705
"Budapest","ms34","macc3","voc",26.58492313
"Katowice","ms34","macc3","voc",11.45080632
"London","ms34","macc3","voc",2.526837896
"Madrid","ms34","macc3","voc",3.85997319
"Milan","ms34","macc3","voc",3.966501834
"Paris","ms34","macc3","voc",3.08980627
"Sofia","ms34","macc3","voc",4.053945036
"Utrecht","ms34","macc3","voc",2.740442402
"Warsaw","ms34","macc3","voc",1.881495055
"Barcelona","ms2","ctm4iam","voc",6.738665237
"Bucarest","ms2","ctm4iam","voc",10.93380361
"Budapest","ms2","ctm4iam","voc",20.9373572
"Katowice","ms2","ctm4iam","voc",4.652647467
"London","ms2","ctm4iam","voc",1.805263328
"Madrid","ms2","ctm4iam","voc",9.973862274
"Milan","ms2","ctm4iam","voc",5.62698152
"Paris","ms2","ctm4iam","voc",0.553014816
"Sofia","ms2","ctm4iam","voc",13.04314393
"Utrecht","ms2","ctm4iam","voc",5.664186487
"Warsaw","ms2","ctm4iam","voc",5.097861977
"Barcelona","ms2","edgar","voc",5.578264688
"Bucarest","ms2","edgar","voc",10.53349149
"Budapest","ms2","edgar","voc",23.12071477
"Katowice","ms2","edgar","voc",3.844648746
"London","ms2","edgar","voc",11.05080846
"Madrid","ms2","edgar","voc",9.462508553
"Milan","ms2","edgar","voc",5.819035459
"Paris","ms2","edgar","voc",12.89433084
"Sofia","ms2","edgar","voc",10.64563532
"Utrecht","ms2","edgar","voc",6.357453849
"Warsaw","ms2","edgar","voc",4.141647603
"Paris","ms2","emep","voc",0.704695096
"Barcelona","ms2","emep","voc",2.674006759
"Bucarest","ms2","emep","voc",1.964860624
"Budapest","ms2","emep","voc",4.438603783
"Katowice","ms2","emep","voc",1.783901992
"London","ms2","emep","voc",1.459267903
"Madrid","ms2","emep","voc",1.354566844
"Milan","ms2","emep","voc",0.789745051
"Sofia","ms2","emep","voc",6.30041942
"Utrecht","ms2","emep","voc",4.656515464
"Warsaw","ms2","emep","voc",1.527216448
"Barcelona","ms2","jrc","voc",3.065429887
"Bucarest","ms2","jrc","voc",2.398477574
"Budapest","ms2","jrc","voc",6.335712589
"Katowice","ms2","jrc","voc",2.28581335
"London","ms2","jrc","voc",4.254017115
"Madrid","ms2","jrc","voc",2.724840068
"Milan","ms2","jrc","voc",1.609665544
"Paris","ms2","jrc","voc",2.293964739
"Sofia","ms2","jrc","voc",4.680945173
"Utrecht","ms2","jrc","voc",4.690734879
"Warsaw","ms2","jrc","voc",2.828389992
"Barcelona","ms2","macc2","voc",4.234909886
"Bucarest","ms2","macc2","voc",2.586830455
"Budapest","ms2","macc2","voc",14.44515237
"Katowice","ms2","macc2","voc",2.957041665
"London","ms2","macc2","voc",6.573354958
"Madrid","ms2","macc2","voc",5.79944467
"Milan","ms2","macc2","voc",1.410813687
"Paris","ms2","macc2","voc",6.793150291
"Sofia","ms2","macc2","voc",7.731372075
"Utrecht","ms2","macc2","voc",6.048303521
"Warsaw","ms2","macc2","voc",2.937835696
"Barcelona","ms2","macc3","voc",2.67138087
"Bucarest","ms2","macc3","voc",1.965142852
"Budapest","ms2","macc3","voc",4.443639509
"Katowice","ms2","macc3","voc",1.797639533
"London","ms2","macc3","voc",1.475232948
"Madrid","ms2","macc3","voc",1.355069272
"Milan","ms2","macc3","voc",0.791472258
"Paris","ms2","macc3","voc",0.707413984
"Sofia","ms2","macc3","voc",6.300659665
"Utrecht","ms2","macc3","voc",4.644589381
"Warsaw","ms2","macc3","voc",1.545402436
"Barcelona","ms7","ctm4iam","voc",3.138564969
"Bucarest","ms7","ctm4iam","voc",2.848566779
"Budapest","ms7","ctm4iam","voc",12.73750398
"Katowice","ms7","ctm4iam","voc",3.334350652
"London","ms7","ctm4iam","voc",7.396187248
"Madrid","ms7","ctm4iam","voc",5.938294019
"Milan","ms7","ctm4iam","voc",3.799734065
"Paris","ms7","ctm4iam","voc",9.761443646
"Sofia","ms7","ctm4iam","voc",5.281857281
"Utrecht","ms7","ctm4iam","voc",7.239358556
"Warsaw","ms7","ctm4iam","voc",4.465215889
"Barcelona","ms7","edgar","voc",2.057132235
"Bucarest","ms7","edgar","voc",4.294775626
"Budapest","ms7","edgar","voc",9.192303532
"Katowice","ms7","edgar","voc",2.134579509
"London","ms7","edgar","voc",4.030713153
"Madrid","ms7","edgar","voc",3.144140406
"Milan","ms7","edgar","voc",2.005209881
"Paris","ms7","edgar","voc",2.566630746
"Sofia","ms7","edgar","voc",7.76160529
"Utrecht","ms7","edgar","voc",5.925853091
"Warsaw","ms7","edgar","voc",2.443190856
"Paris","ms7","emep","voc",10.80022712
"Barcelona","ms7","emep","voc",5.841687574
"Bucarest","ms7","emep","voc",9.14950444
"Budapest","ms7","emep","voc",18.90688677
"Katowice","ms7","emep","voc",4.330507935
"London","ms7","emep","voc",9.429655522
"Madrid","ms7","emep","voc",8.285151896
"Milan","ms7","emep","voc",5.067561477
"Sofia","ms7","emep","voc",13.94132466
"Utrecht","ms7","emep","voc",6.014500782
"Warsaw","ms7","emep","voc",4.970210949
"Barcelona","ms7","jrc","voc",7.991203535
"Bucarest","ms7","jrc","voc",6.785247493
"Budapest","ms7","jrc","voc",13.50931696
"Katowice","ms7","jrc","voc",4.035418461
"London","ms7","jrc","voc",12.47113776
"Madrid","ms7","jrc","voc",8.315104536
"Milan","ms7","jrc","voc",4.442478311
"Paris","ms7","jrc","voc",11.85209641
"Sofia","ms7","jrc","voc",11.38461499
"Utrecht","ms7","jrc","voc",6.075994668
"Warsaw","ms7","jrc","voc",4.137051428
"Barcelona","ms7","macc2","voc",5.828114009
"Bucarest","ms7","macc2","voc",9.174137109
"Budapest","ms7","macc2","voc",19.11798745
"Katowice","ms7","macc2","voc",4.31856562
"London","ms7","macc2","voc",9.473128546
"Madrid","ms7","macc2","voc",8.270280134
"Milan","ms7","macc2","voc",4.997425182
"Paris","ms7","macc2","voc",10.86267506
"Sofia","ms7","macc2","voc",13.80184137
"Utrecht","ms7","macc2","voc",5.755271009
"Warsaw","ms7","macc2","voc",5.03039394
"Barcelona","ms7","macc3","voc",5.836216104
"Bucarest","ms7","macc3","voc",9.150426112
"Budapest","ms7","macc3","voc",18.86374297
"Katowice","ms7","macc3","voc",4.333130253
"London","ms7","macc3","voc",9.441027746
"Madrid","ms7","macc3","voc",8.278690695
"Milan","ms7","macc3","voc",5.06929918
"Paris","ms7","macc3","voc",10.81042243
"Sofia","ms7","macc3","voc",13.81808257
"Utrecht","ms7","macc3","voc",6.027067147
"Warsaw","ms7","macc3","voc",4.978398902
